﻿<?xml version="1.0" encoding="utf-8"?>
<?xml-stylesheet href="xsl/ietdSuite/NavigationStructure.xsl" type="text/xsl"?>
<isobject xmlns:xsi="http://www.w3.org/2001/XMLSchema-instance" xmlns:xi="http://www.w3.org/2001/XInclude" xsi:noNamespaceSchemaLocation="http://www.HiCo.com/XSD/ietdSuite/NavigationStructure_Other_2010-04-20">
  <ishead>   </ishead>
  <content>
    <navigationstructure id="nav3aa49d2c" name="Example Duck" version="1.2.0">
      <view name="Navigation Structure" type="navigation">
        <node id="N3aa49d2c" node_id="5c27de75-c983-4338-a0df-af0a011ba161" type="manual">
          <language name="en-US">
            <title>Duck</title>
          </language>
          <node id="P67d99671Nf09de172" node_id="7344a292-2cd9-4380-bc6a-af0b00aafe60" type="part" chapternumber="1" chapternumberused="true">
            <language name="en-US">
              <title>Introduction</title>
            </language>
            <node id="P67d99671N4f95a4c2" node_id="0690e288-e605-464b-b156-af0e00f5ac01" type="document" chapternumberused="false">
              <language name="en-US" path="duck/DUCK.html">
                <title>Duck Overview</title>
              </language>
            </node>
            <node id="P67d99671Ne94e88af" node_id="c405c13a-824b-49f1-88e0-af0b00ab0c64" type="part" chapternumber="2" chapternumberused="true">
              <language name="en-US">
                <title>Details</title>
              </language>
              <node id="P67d99671Ne44eec33" node_id="78b1a334-33ff-4f35-9f3a-af0b00ab2432" type="folder" chapternumber="2.1" chapternumberused="true">
                <language name="en-US">
                  <title>Optical Details</title>
                </language>
                <node id="P67d99671N86e63179" node_id="4f467dc1-66a0-4c35-97d6-af0e00f0b38d" type="document" chapternumber="2.1.1" chapternumberused="true">
                  <language name="en-US" path="duck/HEAD.html">
                    <title>Duck Head</title>
                  </language>
                </node>
                <node id="P67d99671N902f0599" node_id="dd464952-e269-4c5d-bdd7-af0e00f0b396" type="document" chapternumber="2.1.2" chapternumberused="true">
                  <language name="en-US" path="duck/BODY.html">
                    <title>Duck Body</title>
                  </language>
                </node>
                <node id="P67d99671N12586f9" node_id="3638ce68-981d-488c-9821-af0e00f0c41d" type="document" chapternumber="2.1.3" chapternumberused="true">
                  <language name="en-US" path="duck/TAIL.html">
                    <title>Duck Tail</title>
                  </language>
                </node>
              </node>
            </node>
          </node>
        </node>
      </view>
    </navigationstructure>
  </content>
</isobject>
